
INSERT INTO CINEMA
VALUES ('Paseo de las flores','Heredia');
INSERT INTO CINEMA
VALUES ('Oxigeno','Heredia');
INSERT INTO CINEMA
VALUES ('Terramall','San Jose');
INSERT INTO CINEMA
VALUES ('Citymall','Alajuela');
INSERT INTO CINEMA
VALUES ('Cinema 2000','San Jose');


INSERT INTO ROLE(Name)
VALUES('Administrador');

INSERT INTO DIRECTOR(FIRST_NAME, MIDDLE_NAME, LAST_NAME, SECOND_LAST_NAME)
VALUES('MARCO','HERRERA','SANABRIA','LORIA');

INSERT INTO MOVIE (ORIGINAL_NAME, NAME, image,TIME_LENGTH, KID_PRICE, ADULT_PRICE, ELDER_PRICE,DIRECTOR_FIRST_NAME,DIRECTOR_MIDDLE_NAME,DIRECTOR_LAST_NAME,DIRECTOR_SECOND_LAST_NAME)
VALUES ('50 sombras de Grey','50 sombras de gray','D:\Github Repositorios\CINETEC\REST_API_SERVER\Images\50 sombras de Grey.png',120,1200,4000,3500,'MARCO','HERRERA','SANABRIA','LORIA');

INSERT INTO MOVIE (ORIGINAL_NAME, NAME, image,TIME_LENGTH, KID_PRICE, ADULT_PRICE, ELDER_PRICE,DIRECTOR_FIRST_NAME,DIRECTOR_MIDDLE_NAME,DIRECTOR_LAST_NAME,DIRECTOR_SECOND_LAST_NAME)
VALUES ('Bob esponja','bob espoja','D:\Github Repositorios\CINETEC\REST_API_SERVER\Images\Bob esponja.png',120,1200,4000,3500,'MARCO','HERRERA','SANABRIA','LORIA');

INSERT INTO MOVIE (ORIGINAL_NAME, NAME, image,TIME_LENGTH, KID_PRICE, ADULT_PRICE, ELDER_PRICE,DIRECTOR_FIRST_NAME,DIRECTOR_MIDDLE_NAME,DIRECTOR_LAST_NAME,DIRECTOR_SECOND_LAST_NAME)
VALUES ('Jurassic Park','Jurassic Park','D:\Github Repositorios\CINETEC\REST_API_SERVER\Images\Jurassic Park.png',120,1200,4000,3500,'MARCO','HERRERA','SANABRIA','LORIA');

INSERT INTO MOVIE (ORIGINAL_NAME, NAME,  image, TIME_LENGTH, KID_PRICE, ADULT_PRICE, ELDER_PRICE,DIRECTOR_FIRST_NAME,DIRECTOR_MIDDLE_NAME,DIRECTOR_LAST_NAME,DIRECTOR_SECOND_LAST_NAME)
VALUES ('Naruto','Naruto','D:\Github Repositorios\CINETEC\REST_API_SERVER\Images\Naruto.png',120,1200,4000,3500,'MARCO','HERRERA','SANABRIA','LORIA');


INSERT INTO CLIENT(Id_card, Birthdate, Phone_num, First_name, Middle_name, Last_name, Second_last_name, Username, Password)
VALUES(402470071,'2008-11-11',22652222,'Luis','Carlos','Perez','Herrera','Luisito354','satanas1234');

INSERT INTO CLIENT(Id_card, Birthdate, Phone_num, First_name, Middle_name, Last_name, Second_last_name, Username, Password)
VALUES(111111111,'2009-12-10',22652222,'Manuel','Gonolito','Fonseca','Chavez','Manuelito12','1234');

INSERT INTO CLIENT(Id_card, Birthdate, Phone_num, First_name, Middle_name, Last_name, Second_last_name, Username, Password)
VALUES(502357326,'1999-09-13',22652222,'Maria','Martha','Ocampo','Figueres','Maria_Ocampo','DonOmar');

INSERT INTO CLIENT(Id_card, Birthdate, Phone_num, First_name, Middle_name, Last_name, Second_last_name, Username, Password)
VALUES(234061573,'2008-11-11',22652222,'Yuliana','Teressa','Indacochea','Hernandez','Yuliana_32','Lolcito24');


INSERT INTO CLIENT (Id_card, Birthdate, Phone_num, First_name, Middle_name, Last_name, Second_last_name, Username, Password)
values (118050449,'2001-03-10',85294927,'Brian','Leo','Wagemans','Alvarado','Domtaxx','lolcito32');


INSERT INTO EMPLOYEE (Id_card, Phone_num, Birthdate, Username, Password, First_name, Middle_name, Last_name, Second_last_name, First_date_working, Cinema_name, Role_id)
VALUES(303030301,61302727,'2000-04-30','lazhero','1234','Luis','Andrey','Zuniga','Hernandez','2020-03-19','Paseo de las flores',1);

INSERT INTO EMPLOYEE (Id_card, Phone_num, Birthdate, Username, Password, First_name, Middle_name, Last_name, Second_last_name, First_date_working, Cinema_name, Role_id)
VALUES(707070701,88334455,'1965-02-25','fabian_25','1234','Fabian','Felipe','Alvarado','Marquez','2020-03-19','Paseo de las flores',1);

INSERT INTO EMPLOYEE (Id_card, Phone_num, Birthdate, Username, Password, First_name, Middle_name, Last_name, Second_last_name, First_date_working, Cinema_name, Role_id)
VALUES(497887875,88447481,'1975-10-28','pedrito_ramirez','8888','Pedro','Marco','Ramirez','Pereira','2020-03-19','Terramall',1);

INSERT INTO EMPLOYEE (Id_card, Phone_num, Birthdate, Username, Password, First_name, Middle_name, Last_name, Second_last_name, First_date_working, Cinema_name, Role_id)
VALUES(225622221,40804000,'1996-10-28','hidalgo_sofia','8888','Sofia','Dayana','Azofeifa','Martinez','2020-03-19','Citymall',1);


INSERT INTO CLIENT(ID_CARD, BIRTHDATE, PHONE_NUM, FIRST_NAME, MIDDLE_NAME, LAST_NAME, SECOND_LAST_NAME, USERNAME, PASSWORD)
VALUES (125627953,'1999-04-20',75626783,'Carlos','Dario','Mayorga','Gonzalez','Carlos_Dario','142030');



INSERT INTO CLIENT(ID_CARD, BIRTHDATE, PHONE_NUM, FIRST_NAME, MIDDLE_NAME, LAST_NAME, SECOND_LAST_NAME, USERNAME, PASSWORD)
VALUES (123456789,'1985-12-01',87654321,'Martina','Ariana','Jimenez','Medina','m_ariana_ji','1234');



INSERT INTO ROOM(CINEMA_NAME,NUMBER, ROWS, COLUMNS, RESTRICTION_PERCENT)
VALUES('Paseo de las flores',1,7,8,50);
INSERT INTO ROOM(CINEMA_NAME,NUMBER, ROWS, COLUMNS, RESTRICTION_PERCENT)
VALUES('Paseo de las flores',2,7,8,50);
INSERT INTO ROOM(CINEMA_NAME,NUMBER, ROWS, COLUMNS, RESTRICTION_PERCENT)
VALUES('Paseo de las flores',3,7,8,50);


INSERT INTO ROOM(CINEMA_NAME,NUMBER, ROWS, COLUMNS, RESTRICTION_PERCENT)
VALUES('Terramall',1,7,8,50);
INSERT INTO ROOM(CINEMA_NAME,NUMBER, ROWS, COLUMNS, RESTRICTION_PERCENT)
VALUES('Terramall',2,7,8,50);
INSERT INTO ROOM(CINEMA_NAME,NUMBER, ROWS, COLUMNS, RESTRICTION_PERCENT)
VALUES('Terramall',3,7,8,50);


INSERT INTO ROOM(CINEMA_NAME,NUMBER, ROWS, COLUMNS, RESTRICTION_PERCENT)
VALUES('Oxigeno',1,7,8,50);
INSERT INTO ROOM(CINEMA_NAME,NUMBER, ROWS, COLUMNS, RESTRICTION_PERCENT)
VALUES('Oxigeno',2,7,8,50);
INSERT INTO ROOM(CINEMA_NAME,NUMBER, ROWS, COLUMNS, RESTRICTION_PERCENT)
VALUES('Oxigeno',3,7,8,50);


INSERT INTO ROOM(CINEMA_NAME,NUMBER, ROWS, COLUMNS, RESTRICTION_PERCENT)
VALUES('Citymall',1,7,8,50);
INSERT INTO ROOM(CINEMA_NAME,NUMBER, ROWS, COLUMNS, RESTRICTION_PERCENT)
VALUES('Citymall',2,7,8,50);
INSERT INTO ROOM(CINEMA_NAME,NUMBER, ROWS, COLUMNS, RESTRICTION_PERCENT)
VALUES('Citymall',3,7,8,50);


INSERT INTO ROOM(CINEMA_NAME,NUMBER, ROWS, COLUMNS, RESTRICTION_PERCENT)
VALUES('Cinema 2000',1,7,8,50);
INSERT INTO ROOM(CINEMA_NAME,NUMBER, ROWS, COLUMNS, RESTRICTION_PERCENT)
VALUES('Cinema 2000',2,7,8,50);
INSERT INTO ROOM(CINEMA_NAME,NUMBER, ROWS, COLUMNS, RESTRICTION_PERCENT)
VALUES('Cinema 2000',3,7,8,50);


INSERT INTO CLASSIFICATION(ID,DESCRIPTION, INITIAL, FINAL)
VALUES ('A1','SOLO PARA ADULTOS',18,130);


INSERT INTO CLASSIFICATION(ID,DESCRIPTION, INITIAL, FINAL)
VALUES ('B2','Solo publico joven',0,130);

INSERT INTO CLASSIFICATION(ID,DESCRIPTION, INITIAL, FINAL)
VALUES ('C3','PARA MAYORES DE 5',6,130);



INSERT INTO ACTOR(FIRST_NAME, MIDDLE_NAME, LAST_NAME, SECOND_LAST_NAME)
VALUES('JULIA','TERESA','MARADONA','SOLIS');

INSERT INTO ACTOR(FIRST_NAME, MIDDLE_NAME, LAST_NAME, SECOND_LAST_NAME)
VALUES('RICARDO','JOSE','MONTERO','JIMENEZ');

INSERT INTO ACTOR(FIRST_NAME, MIDDLE_NAME, LAST_NAME, SECOND_LAST_NAME)
VALUES('ROMAN','JAVIER','OCONNER','BROWN');

INSERT INTO ACTOR(FIRST_NAME, MIDDLE_NAME, LAST_NAME, SECOND_LAST_NAME)
VALUES('JAIME','FRANCISCO','ALTOZANO','RIVERA');

INSERT INTO ACTOR(FIRST_NAME, MIDDLE_NAME, LAST_NAME, SECOND_LAST_NAME)
VALUES('JOSE','MARIA','VILLALTA','');

INSERT INTO ACTOR_MOVIE(ACTOR_FIRST_NAME, ACTOR_MIDDLE_NAME, ACTOR_LAST_NAME, ACTOR_SECOND_LAST_NAME, MOVIE_ORIGINAL_NAME)
VALUES('JULIA','TERESA','MARADONA','SOLIS','50 sombras de Grey');

INSERT INTO ACTOR_MOVIE(ACTOR_FIRST_NAME, ACTOR_MIDDLE_NAME, ACTOR_LAST_NAME, ACTOR_SECOND_LAST_NAME, MOVIE_ORIGINAL_NAME)
VALUES('RICARDO','JOSE','MONTERO','JIMENEZ','50 sombras de Grey');

INSERT INTO ACTOR_MOVIE(ACTOR_FIRST_NAME, ACTOR_MIDDLE_NAME, ACTOR_LAST_NAME, ACTOR_SECOND_LAST_NAME, MOVIE_ORIGINAL_NAME)
VALUES('ROMAN','JAVIER','OCONNER','BROWN','Bob esponja');

INSERT INTO ACTOR_MOVIE(ACTOR_FIRST_NAME, ACTOR_MIDDLE_NAME, ACTOR_LAST_NAME, ACTOR_SECOND_LAST_NAME, MOVIE_ORIGINAL_NAME)
VALUES('JAIME','FRANCISCO','ALTOZANO','RIVERA','Jurassic Park');

INSERT INTO ACTOR_MOVIE(ACTOR_FIRST_NAME, ACTOR_MIDDLE_NAME, ACTOR_LAST_NAME, ACTOR_SECOND_LAST_NAME, MOVIE_ORIGINAL_NAME)
VALUES('JOSE','MARIA','VILLALTA','','Naruto');


INSERT INTO MOVIE_CLASSIFICATION(MOVIE_ORIGINAL_NAME, CLASSIFICATION_ID)
VALUES('50 sombras de Grey','A1');


INSERT INTO MOVIE_CLASSIFICATION(MOVIE_ORIGINAL_NAME, CLASSIFICATION_ID)
VALUES('Bob esponja','B2');

INSERT INTO MOVIE_CLASSIFICATION(MOVIE_ORIGINAL_NAME,CLASSIFICATION_ID)
VALUES('Jurassic Park','B2');

INSERT INTO MOVIE_CLASSIFICATION(MOVIE_ORIGINAL_NAME,CLASSIFICATION_ID)
VALUES('Naruto','C3');

INSERT INTO PROJECTION(DATE, INITIAL_TIME, END_TIME, MOVIE_ORIGINAL_NAME,room_number,cinema_name)
VALUES('2021-10-26','2021-10-26 16:00:00','2021-10-26 19:00:00','50 sombras de Grey',1,'Paseo de las flores');
INSERT INTO PROJECTION(DATE, INITIAL_TIME, END_TIME, MOVIE_ORIGINAL_NAME,room_number,cinema_name)
VALUES('2021-10-27','2021-10-27 16:00:00','2021-10-27 19:00:00','50 sombras de Grey',1,'Terramall');
INSERT INTO PROJECTION(DATE, INITIAL_TIME, END_TIME, MOVIE_ORIGINAL_NAME,room_number,cinema_name)
VALUES('2021-10-28','2021-10-28 16:00:00','2021-10-28 19:00:00','50 sombras de Grey',1,'Oxigeno');

INSERT INTO PROJECTION(DATE, INITIAL_TIME, END_TIME, MOVIE_ORIGINAL_NAME,room_number,cinema_name)
VALUES('2021-10-26','2021-10-26 16:00:00','2021-10-26 19:00:00','Bob esponja',2,'Paseo de las flores');
INSERT INTO PROJECTION(DATE, INITIAL_TIME, END_TIME, MOVIE_ORIGINAL_NAME,room_number,cinema_name)
VALUES('2021-10-27','2021-10-27 16:00:00','2021-10-27 19:00:00','Bob esponja',2,'Terramall');
INSERT INTO PROJECTION(DATE, INITIAL_TIME, END_TIME, MOVIE_ORIGINAL_NAME,room_number,cinema_name)
VALUES('2021-10-28','2021-10-28 16:00:00','2021-10-28 19:00:00','Bob esponja',2,'Oxigeno');


INSERT INTO PROJECTION(DATE, INITIAL_TIME, END_TIME, MOVIE_ORIGINAL_NAME,room_number,cinema_name)
VALUES('2021-10-26','2021-10-26 16:00:00','2021-10-26 19:00:00','Jurassic Park',3,'Oxigeno');
INSERT INTO PROJECTION(DATE, INITIAL_TIME, END_TIME, MOVIE_ORIGINAL_NAME,room_number,cinema_name)
VALUES('2021-10-27','2021-10-27 16:00:00','2021-10-27 19:00:00','Jurassic Park',3,'Terramall');
INSERT INTO PROJECTION(DATE, INITIAL_TIME, END_TIME, MOVIE_ORIGINAL_NAME,room_number,cinema_name)
VALUES('2021-10-28','2021-10-28 16:00:00','2021-10-28 19:00:00','Jurassic Park',3,'Paseo de las flores');


INSERT INTO PROJECTION(DATE, INITIAL_TIME, END_TIME, MOVIE_ORIGINAL_NAME,room_number,cinema_name)
VALUES('2021-10-27','2021-10-27 16:00:00','2021-10-27 19:00:00','Naruto',1,'Citymall');
INSERT INTO PROJECTION(DATE, INITIAL_TIME, END_TIME, MOVIE_ORIGINAL_NAME,room_number,cinema_name)
VALUES('2021-10-28','2021-10-28 16:00:00','2021-10-28 19:00:00','Naruto',1,'Cinema 2000');
INSERT INTO PROJECTION(DATE, INITIAL_TIME, END_TIME, MOVIE_ORIGINAL_NAME,room_number,cinema_name)
VALUES('2021-10-29','2021-10-29 16:00:00','2021-10-29 19:00:00','Naruto',2,'Citymall');




INSERT INTO INVOICE( DESCRIPTION, num_adult_ticket)
VALUES('Compra',1);

INSERT INTO INVOICE( DESCRIPTION, num_adult_ticket)
VALUES('Compra',1);

INSERT INTO INVOICE( DESCRIPTION, num_adult_ticket)
VALUES('Compra',1);

INSERT INTO INVOICE( DESCRIPTION, num_adult_ticket)
VALUES('Compra',1);


INSERT INTO INVOICE( DESCRIPTION, num_adult_ticket)
VALUES('Compra',1);

INSERT INTO INVOICE( DESCRIPTION, num_adult_ticket)
VALUES('Compra',1);

INSERT INTO INVOICE( DESCRIPTION, num_adult_ticket)
VALUES('Compra',1);

INSERT INTO INVOICE( DESCRIPTION, num_adult_ticket)
VALUES('Compra',1);

INSERT INTO INVOICE( DESCRIPTION, num_adult_ticket)
VALUES('Compra',1);

INSERT INTO INVOICE( DESCRIPTION, num_adult_ticket)
VALUES('Compra',1);

INSERT INTO INVOICE( DESCRIPTION, num_adult_ticket)
VALUES('Compra',1);

INSERT INTO INVOICE( DESCRIPTION, num_adult_ticket)
VALUES('Compra',1);

INSERT INTO INVOICE( DESCRIPTION, num_adult_ticket)
VALUES('Compra',1);

INSERT INTO INVOICE( DESCRIPTION, num_adult_ticket)
VALUES('Compra',1);

INSERT INTO INVOICE( DESCRIPTION, num_adult_ticket)
VALUES('Compra',1);

INSERT INTO INVOICE( DESCRIPTION, num_adult_ticket)
VALUES('Compra',1);

INSERT INTO INVOICE( DESCRIPTION, num_adult_ticket)
VALUES('Compra',1);

INSERT INTO INVOICE( DESCRIPTION, num_adult_ticket)
VALUES('Compra',1);

INSERT INTO INVOICE( DESCRIPTION, num_adult_ticket)
VALUES('Compra',1);

INSERT INTO INVOICE( DESCRIPTION, num_adult_ticket)
VALUES('Compra',1);

INSERT INTO CLIENT_INVOICE(CLIENT_ID, INVOICE_ID, CLIENT_USERNAME)
VALUES(402470071,1,'Luisito354');
INSERT INTO CLIENT_INVOICE(CLIENT_ID, INVOICE_ID, CLIENT_USERNAME)
VALUES(402470071,2,'Luisito354');
INSERT INTO CLIENT_INVOICE(CLIENT_ID, INVOICE_ID, CLIENT_USERNAME)
VALUES(402470071,3,'Luisito354');
INSERT INTO CLIENT_INVOICE(CLIENT_ID, INVOICE_ID, CLIENT_USERNAME)
VALUES(402470071,4,'Luisito354');


INSERT INTO CLIENT_INVOICE(CLIENT_ID, INVOICE_ID, CLIENT_USERNAME)
VALUES(111111111,5,'Manuelito12');
INSERT INTO CLIENT_INVOICE(CLIENT_ID, INVOICE_ID, CLIENT_USERNAME)
VALUES(111111111,6,'Manuelito12');
INSERT INTO CLIENT_INVOICE(CLIENT_ID, INVOICE_ID, CLIENT_USERNAME)
VALUES(111111111,7,'Manuelito12');
INSERT INTO CLIENT_INVOICE(CLIENT_ID, INVOICE_ID, CLIENT_USERNAME)
VALUES(111111111,8,'Manuelito12');


INSERT INTO CLIENT_INVOICE(CLIENT_ID, INVOICE_ID, CLIENT_USERNAME)
VALUES(502357326,9,'Maria_Ocampo');
INSERT INTO CLIENT_INVOICE(CLIENT_ID, INVOICE_ID, CLIENT_USERNAME)
VALUES(502357326,10,'Maria_Ocampo');
INSERT INTO CLIENT_INVOICE(CLIENT_ID, INVOICE_ID, CLIENT_USERNAME)
VALUES(502357326,11,'Maria_Ocampo');
INSERT INTO CLIENT_INVOICE(CLIENT_ID, INVOICE_ID, CLIENT_USERNAME)
VALUES(502357326,12,'Maria_Ocampo');

INSERT INTO CLIENT_INVOICE(CLIENT_ID, INVOICE_ID, CLIENT_USERNAME)
VALUES(234061573,13,'Yuliana_32');
INSERT INTO CLIENT_INVOICE(CLIENT_ID, INVOICE_ID, CLIENT_USERNAME)
VALUES(234061573,14,'Yuliana_32');
INSERT INTO CLIENT_INVOICE(CLIENT_ID, INVOICE_ID, CLIENT_USERNAME)
VALUES(234061573,15,'Yuliana_32');
INSERT INTO CLIENT_INVOICE(CLIENT_ID, INVOICE_ID, CLIENT_USERNAME)
VALUES(234061573,16,'Yuliana_32');

INSERT INTO CLIENT_INVOICE(CLIENT_ID, INVOICE_ID, CLIENT_USERNAME)
VALUES(118050449,17,'Domtaxx');
INSERT INTO CLIENT_INVOICE(CLIENT_ID, INVOICE_ID, CLIENT_USERNAME)
VALUES(118050449,18,'Domtaxx');
INSERT INTO CLIENT_INVOICE(CLIENT_ID, INVOICE_ID, CLIENT_USERNAME)
VALUES(118050449,19,'Domtaxx');
INSERT INTO CLIENT_INVOICE(CLIENT_ID, INVOICE_ID, CLIENT_USERNAME)
VALUES(118050449,20,'Domtaxx');

do $$
declare
   i integer := 1;
   j integer := 1;
begin

   while i < 13 loop
       j:=1;
       while j < 57
        LOOP
           IF (MOD(j,2) = 0)THEN INSERT INTO SEAT(PROJECTION_ID, SEAT_NUMBER,state)VALUES (i,j,0);
           ELSE INSERT INTO SEAT(PROJECTION_ID, SEAT_NUMBER,state)VALUES (i,j,2);
           END IF;
           j:= j + 1;
        end LOOP;
	     i :=i + 1;
   end loop;
end$$;

do $$
declare
   s integer := 20;
   x integer := 1;
   i integer := 1;
begin
    while  s>0 loop
        IF ((select state from seat where projection_id = 1 AND seat_number = x) = 0)
            THEN Update SEAT set invoice_id = i where projection_id = 1 AND seat_number = x;
            s:=s-1;
            i:=s+1;
        END IF;
        x:=x+1;
    end loop;
end$$