
INSERT INTO CINEMA
VALUES ('Paseo de las flores','Heredia');
INSERT INTO CINEMA
VALUES ('Oxigeno','Heredia');
INSERT INTO CINEMA
VALUES ('Terramall','San Jose');
INSERT INTO CINEMA
VALUES ('Citymall','Alajuela');
INSERT INTO CINEMA
VALUES ('Cinema 2000','San Jose');


INSERT INTO ROLE(Name)
VALUES('Administrador');
INSERT INTO ROLE(Name)
VALUES('Agente de seguridad');
INSERT INTO ROLE(Name)
VALUES('Secretaria');
INSERT INTO ROLE(Name)
VALUES('Agente Contable');

INSERT INTO DIRECTOR(FIRST_NAME, MIDDLE_NAME, LAST_NAME, SECOND_LAST_NAME)
VALUES('MARCO','HERRERA','SANABRIA','LORIA');

INSERT INTO MOVIE (ORIGINAL_NAME, NAME, TIME_LENGTH, KID_PRICE, ADULT_PRICE, ELDER_PRICE,DIRECTOR_FIRST_NAME,DIRECTOR_MIDDLE_NAME,DIRECTOR_LAST_NAME,DIRECTOR_SECOND_LAST_NAME)
VALUES ('50 sombras de Grey','50 sombras de gray',120,1200,4000,3500,'MARCO','HERRERA','SANABRIA','LORIA');

INSERT INTO MOVIE (ORIGINAL_NAME, NAME, TIME_LENGTH, KID_PRICE, ADULT_PRICE, ELDER_PRICE,DIRECTOR_FIRST_NAME,DIRECTOR_MIDDLE_NAME,DIRECTOR_LAST_NAME,DIRECTOR_SECOND_LAST_NAME)
VALUES ('Bob esponja','bob espoja',120,1200,4000,3500,'MARCO','HERRERA','SANABRIA','LORIA');

INSERT INTO MOVIE (ORIGINAL_NAME, NAME, TIME_LENGTH, KID_PRICE, ADULT_PRICE, ELDER_PRICE,DIRECTOR_FIRST_NAME,DIRECTOR_MIDDLE_NAME,DIRECTOR_LAST_NAME,DIRECTOR_SECOND_LAST_NAME)
VALUES ('Jurassic Park','Jurassic Park',120,1200,4000,3500,'MARCO','HERRERA','SANABRIA','LORIA');

INSERT INTO MOVIE (ORIGINAL_NAME, NAME, TIME_LENGTH, KID_PRICE, ADULT_PRICE, ELDER_PRICE,DIRECTOR_FIRST_NAME,DIRECTOR_MIDDLE_NAME,DIRECTOR_LAST_NAME,DIRECTOR_SECOND_LAST_NAME)
VALUES ('Naruto','Naruto',120,1200,4000,3500,'MARCO','HERRERA','SANABRIA','LORIA');


INSERT INTO CLIENT(Id_card, Birthdate, Phone_num, First_name, Middle_name, Last_name, Second_last_name, Username, Password)
VALUES(402470071,'2008-11-11',22652222,'Luis','Carlos','Perez','Herrera','Luisito354','satanas1234');

INSERT INTO CLIENT(Id_card, Birthdate, Phone_num, First_name, Middle_name, Last_name, Second_last_name, Username, Password)
VALUES(111111111,'2009-12-10',22652222,'Manuel','Gonolito','Fonseca','Chavez','Manuelito12','1234');

INSERT INTO CLIENT(Id_card, Birthdate, Phone_num, First_name, Middle_name, Last_name, Second_last_name, Username, Password)
VALUES(502357326,'1999-09-13',22652222,'Maria','Martha','Ocampo','Figueres','Maria_Ocampo','DonOmar');

INSERT INTO CLIENT(Id_card, Birthdate, Phone_num, First_name, Middle_name, Last_name, Second_last_name, Username, Password)
VALUES(234061573,'2008-11-11',22652222,'Yuliana','Teressa','Indacochea','Hernandez','Yuliana_32','Lolcito24');


INSERT INTO CLIENT (Id_card, Birthdate, Phone_num, First_name, Middle_name, Last_name, Second_last_name, Username, Password)
values (118050449,'2001-03-10',85294927,'Brian','Leo','Wagemans','Alvarado','Domtaxx','lolcito32');


INSERT INTO EMPLOYEE (Id_card, Phone_num, Birthdate, Username, Password, First_name, Middle_name, Last_name, Second_last_name, First_date_working, Cinema_name, Role_id)
VALUES(303030301,61302727,'2000-04-30','lazhero','1234','Luis','Andrey','Zuniga','Hernandez','2020-03-19','Paseo de las flores',1);

INSERT INTO EMPLOYEE (Id_card, Phone_num, Birthdate, Username, Password, First_name, Middle_name, Last_name, Second_last_name, First_date_working, Cinema_name, Role_id)
VALUES(707070701,88334455,'1965-02-25','fabian_25','1234','Fabian','Felipe','Alvarado','Marquez','2020-03-19','Paseo de las flores',1);

INSERT INTO EMPLOYEE (Id_card, Phone_num, Birthdate, Username, Password, First_name, Middle_name, Last_name, Second_last_name, First_date_working, Cinema_name, Role_id)
VALUES(497887875,88447481,'1975-10-28','pedrito_ramirez','8888','Pedro','Marco','Ramirez','Pereira','2020-03-19','Terramall',1);

INSERT INTO EMPLOYEE (Id_card, Phone_num, Birthdate, Username, Password, First_name, Middle_name, Last_name, Second_last_name, First_date_working, Cinema_name, Role_id)
VALUES(225622221,40804000,'1996-10-28','hidalgo_sofia','8888','Sofia','Dayana','Azofeifa','Martinez','2020-03-19','Citymall',1);


INSERT INTO CLIENT(ID_CARD, BIRTHDATE, PHONE_NUM, FIRST_NAME, MIDDLE_NAME, LAST_NAME, SECOND_LAST_NAME, USERNAME, PASSWORD)
VALUES (125627953,'1999-04-20',75626783,'Carlos','Dario','Mayorga','Gonzalez','Carlos_Dario','142030');



INSERT INTO CLIENT(ID_CARD, BIRTHDATE, PHONE_NUM, FIRST_NAME, MIDDLE_NAME, LAST_NAME, SECOND_LAST_NAME, USERNAME, PASSWORD)
VALUES (123456789,'1985-12-01',87654321,'Martina','Ariana','Jimenez','Medina','m_ariana_ji','1234');



INSERT INTO ROOM(CINEMA_NAME,NUMBER, ROWS, COLUMNS, RESTRICTION_PERCENT)
VALUES('Paseo de las flores',1,7,8,50);
INSERT INTO ROOM(CINEMA_NAME,NUMBER, ROWS, COLUMNS, RESTRICTION_PERCENT)
VALUES('Paseo de las flores',2,7,8,50);
INSERT INTO ROOM(CINEMA_NAME,NUMBER, ROWS, COLUMNS, RESTRICTION_PERCENT)
VALUES('Paseo de las flores',3,7,8,50);


INSERT INTO ROOM(CINEMA_NAME,NUMBER, ROWS, COLUMNS, RESTRICTION_PERCENT)
VALUES('Terramall',1,7,8,50);
INSERT INTO ROOM(CINEMA_NAME,NUMBER, ROWS, COLUMNS, RESTRICTION_PERCENT)
VALUES('Terramall',2,7,8,50);
INSERT INTO ROOM(CINEMA_NAME,NUMBER, ROWS, COLUMNS, RESTRICTION_PERCENT)
VALUES('Terramall',3,7,8,50);


INSERT INTO ROOM(CINEMA_NAME,NUMBER, ROWS, COLUMNS, RESTRICTION_PERCENT)
VALUES('Oxigeno',1,7,8,50);
INSERT INTO ROOM(CINEMA_NAME,NUMBER, ROWS, COLUMNS, RESTRICTION_PERCENT)
VALUES('Oxigeno',2,7,8,50);
INSERT INTO ROOM(CINEMA_NAME,NUMBER, ROWS, COLUMNS, RESTRICTION_PERCENT)
VALUES('Oxigeno',3,7,8,50);


INSERT INTO ROOM(CINEMA_NAME,NUMBER, ROWS, COLUMNS, RESTRICTION_PERCENT)
VALUES('Citymall',1,7,8,50);
INSERT INTO ROOM(CINEMA_NAME,NUMBER, ROWS, COLUMNS, RESTRICTION_PERCENT)
VALUES('Citymall',2,7,8,50);
INSERT INTO ROOM(CINEMA_NAME,NUMBER, ROWS, COLUMNS, RESTRICTION_PERCENT)
VALUES('Citymall',3,7,8,50);


INSERT INTO ROOM(CINEMA_NAME,NUMBER, ROWS, COLUMNS, RESTRICTION_PERCENT)
VALUES('Cinema 2000',1,7,8,50);
INSERT INTO ROOM(CINEMA_NAME,NUMBER, ROWS, COLUMNS, RESTRICTION_PERCENT)
VALUES('Cinema 2000',2,7,8,50);
INSERT INTO ROOM(CINEMA_NAME,NUMBER, ROWS, COLUMNS, RESTRICTION_PERCENT)
VALUES('Cinema 2000',3,7,8,50);


INSERT INTO CLASSIFICATION(ID,DESCRIPTION, INITIAL, FINAL)
VALUES ('A1','SOLO PARA ADULTOS',18,130);


INSERT INTO CLASSIFICATION(ID,DESCRIPTION, INITIAL, FINAL)
VALUES ('B2','Solo publico joven',0,25);

INSERT INTO CLASSIFICATION(ID,DESCRIPTION, INITIAL, FINAL)
VALUES ('C3','PARA MAYORES DE 5',6,130);



INSERT INTO ACTOR(FIRST_NAME, MIDDLE_NAME, LAST_NAME, SECOND_LAST_NAME)
VALUES('JULIA','TERESA','MARADONA','SOLIS');

INSERT INTO ACTOR(FIRST_NAME, MIDDLE_NAME, LAST_NAME, SECOND_LAST_NAME)
VALUES('RICARDO','JOSE','MONTERO','JIMENEZ');

INSERT INTO ACTOR(FIRST_NAME, MIDDLE_NAME, LAST_NAME, SECOND_LAST_NAME)
VALUES('ROMAN','JAVIER','OCONNER','BROWN');

INSERT INTO ACTOR(FIRST_NAME, MIDDLE_NAME, LAST_NAME, SECOND_LAST_NAME)
VALUES('JAIME','FRANCISCO','ALTOZANO','RIVERA');

INSERT INTO ACTOR(FIRST_NAME, MIDDLE_NAME, LAST_NAME, SECOND_LAST_NAME)
VALUES('JOSE','MARIA','VILLALTA','');

INSERT INTO ACTOR_MOVIE(ACTOR_FIRST_NAME, ACTOR_MIDDLE_NAME, ACTOR_LAST_NAME, ACTOR_SECOND_LAST_NAME, MOVIE_ORIGINAL_NAME)
VALUES('JULIA','TERESA','MARADONA','SOLIS','50 sombras de Grey');

INSERT INTO ACTOR_MOVIE(ACTOR_FIRST_NAME, ACTOR_MIDDLE_NAME, ACTOR_LAST_NAME, ACTOR_SECOND_LAST_NAME, MOVIE_ORIGINAL_NAME)
VALUES('RICARDO','JOSE','MONTERO','JIMENEZ','50 sombras de Grey');

INSERT INTO ACTOR_MOVIE(ACTOR_FIRST_NAME, ACTOR_MIDDLE_NAME, ACTOR_LAST_NAME, ACTOR_SECOND_LAST_NAME, MOVIE_ORIGINAL_NAME)
VALUES('ROMAN','JAVIER','OCONNER','BROWN','Bob esponja');

INSERT INTO ACTOR_MOVIE(ACTOR_FIRST_NAME, ACTOR_MIDDLE_NAME, ACTOR_LAST_NAME, ACTOR_SECOND_LAST_NAME, MOVIE_ORIGINAL_NAME)
VALUES('JAIME','FRANCISCO','ALTOZANO','RIVERA','Jurassic Park');

INSERT INTO ACTOR_MOVIE(ACTOR_FIRST_NAME, ACTOR_MIDDLE_NAME, ACTOR_LAST_NAME, ACTOR_SECOND_LAST_NAME, MOVIE_ORIGINAL_NAME)
VALUES('JOSE','MARIA','VILLALTA','','Naruto');


INSERT INTO MOVIE_CLASSIFICATION(MOVIE_ORIGINAL_NAME, CLASSIFICATION_ID)
VALUES('50 sombras de Grey','A1');


INSERT INTO MOVIE_CLASSIFICATION(MOVIE_ORIGINAL_NAME, CLASSIFICATION_ID)
VALUES('Bob esponja','B2');

INSERT INTO MOVIE_CLASSIFICATION(MOVIE_ORIGINAL_NAME,CLASSIFICATION_ID)
VALUES('Jurassic Park','B2');

INSERT INTO MOVIE_CLASSIFICATION(MOVIE_ORIGINAL_NAME,CLASSIFICATION_ID)
VALUES('Naruto','C3');

INSERT INTO PROJECTION(DATE, INITIAL_TIME, END_TIME, MOVIE_ORIGINAL_NAME)
VALUES('2021-10-15','16:00:00','19:00:00','50 sombras de Grey');
INSERT INTO PROJECTION(DATE, INITIAL_TIME, END_TIME, MOVIE_ORIGINAL_NAME)
VALUES('2021-10-16','16:00:00','19:00:00','50 sombras de Grey');
INSERT INTO PROJECTION(DATE, INITIAL_TIME, END_TIME, MOVIE_ORIGINAL_NAME)
VALUES('2021-10-17','16:00:00','19:00:00','50 sombras de Grey');

INSERT INTO PROJECTION(DATE, INITIAL_TIME, END_TIME, MOVIE_ORIGINAL_NAME)
VALUES('2021-10-15','16:00:00','19:00:00','Bob esponja');
INSERT INTO PROJECTION(DATE, INITIAL_TIME, END_TIME, MOVIE_ORIGINAL_NAME)
VALUES('2021-10-16','16:00:00','19:00:00','Bob esponja');
INSERT INTO PROJECTION(DATE, INITIAL_TIME, END_TIME, MOVIE_ORIGINAL_NAME)
VALUES('2021-10-17','16:00:00','19:00:00','Bob esponja');


INSERT INTO PROJECTION(DATE, INITIAL_TIME, END_TIME, MOVIE_ORIGINAL_NAME)
VALUES('2021-10-15','16:00:00','19:00:00','Jurassic Park');
INSERT INTO PROJECTION(DATE, INITIAL_TIME, END_TIME, MOVIE_ORIGINAL_NAME)
VALUES('2021-10-16','16:00:00','19:00:00','Jurassic Park');
INSERT INTO PROJECTION(DATE, INITIAL_TIME, END_TIME, MOVIE_ORIGINAL_NAME)
VALUES('2021-10-17','16:00:00','19:00:00','Jurassic Park');


INSERT INTO PROJECTION(DATE, INITIAL_TIME, END_TIME, MOVIE_ORIGINAL_NAME)
VALUES('2021-10-15','16:00:00','19:00:00','Naruto');
INSERT INTO PROJECTION(DATE, INITIAL_TIME, END_TIME, MOVIE_ORIGINAL_NAME)
VALUES('2021-10-16','16:00:00','19:00:00','Naruto');
INSERT INTO PROJECTION(DATE, INITIAL_TIME, END_TIME, MOVIE_ORIGINAL_NAME)
VALUES('2021-10-17','16:00:00','19:00:00','Naruto');

INSERT INTO PROJECTION_ROOM(PROJECTION_ID, CINEMA_NAME, ROOM_ID)
VALUES(1,'Paseo de las flores',1);

INSERT INTO PROJECTION_ROOM(PROJECTION_ID, CINEMA_NAME, ROOM_ID)
VALUES(4,'Paseo de las flores',2);

INSERT INTO PROJECTION_ROOM(PROJECTION_ID, CINEMA_NAME, ROOM_ID)
VALUES(7,'Paseo de las flores',3);



INSERT INTO PROJECTION_ROOM(PROJECTION_ID, CINEMA_NAME, ROOM_ID)
VALUES(2,'Terramall',1);

INSERT INTO PROJECTION_ROOM(PROJECTION_ID, CINEMA_NAME, ROOM_ID)
VALUES(5,'Terramall',2);

INSERT INTO PROJECTION_ROOM(PROJECTION_ID, CINEMA_NAME, ROOM_ID)
VALUES(8,'Terramall',3);


INSERT INTO PROJECTION_ROOM(PROJECTION_ID, CINEMA_NAME, ROOM_ID)
VALUES(3,'Oxigeno',1);

INSERT INTO PROJECTION_ROOM(PROJECTION_ID, CINEMA_NAME, ROOM_ID)
VALUES(6,'Oxigeno',2);

INSERT INTO PROJECTION_ROOM(PROJECTION_ID, CINEMA_NAME, ROOM_ID)
VALUES(9,'Oxigeno',3);




INSERT INTO PROJECTION_ROOM(PROJECTION_ID, CINEMA_NAME, ROOM_ID)
VALUES(10,'Citymall',1);

INSERT INTO PROJECTION_ROOM(PROJECTION_ID, CINEMA_NAME, ROOM_ID)
VALUES(11,'Citymall',2);

INSERT INTO PROJECTION_ROOM(PROJECTION_ID, CINEMA_NAME, ROOM_ID)
VALUES(12,'Citymall',3);


do $$
declare
   i integer := 1;
   j integer := 1;
begin

   while i < 13 loop
       j:=1;
       while j < 57 loop
           INSERT INTO SEAT(PROJECTION_ID, SEAT_NUMBER)
           VALUES (i,j);
            j:= j + 1;
        end loop;
	     i :=i + 1;
   end loop;
end$$;


INSERT INTO INVOICE( DESCRIPTION, TICKET_NUMBER,Total)
VALUES('Compra',3,5200);

INSERT INTO INVOICE( DESCRIPTION, TICKET_NUMBER,Total)
VALUES('Compra',4,7500);

INSERT INTO INVOICE( DESCRIPTION, TICKET_NUMBER,Total)
VALUES('Compra',5,10000);

INSERT INTO INVOICE( DESCRIPTION, TICKET_NUMBER,Total)
VALUES('Compra',2,3000);


INSERT INTO INVOICE( DESCRIPTION, TICKET_NUMBER,Total)
VALUES('Compra',3,5200);

INSERT INTO INVOICE( DESCRIPTION, TICKET_NUMBER,Total)
VALUES('Compra',4,7500);

INSERT INTO INVOICE( DESCRIPTION, TICKET_NUMBER,Total)
VALUES('Compra',5,10000);

INSERT INTO INVOICE( DESCRIPTION, TICKET_NUMBER,Total)
VALUES('Compra',2,3000);

INSERT INTO INVOICE( DESCRIPTION, TICKET_NUMBER,Total)
VALUES('Compra',3,5200);

INSERT INTO INVOICE( DESCRIPTION, TICKET_NUMBER,Total)
VALUES('Compra',4,7500);

INSERT INTO INVOICE( DESCRIPTION, TICKET_NUMBER,Total)
VALUES('Compra',5,10000);

INSERT INTO INVOICE( DESCRIPTION, TICKET_NUMBER,Total)
VALUES('Compra',2,3000);

INSERT INTO INVOICE( DESCRIPTION, TICKET_NUMBER,Total)
VALUES('Compra',3,5200);

INSERT INTO INVOICE( DESCRIPTION, TICKET_NUMBER,Total)
VALUES('Compra',4,7500);

INSERT INTO INVOICE( DESCRIPTION, TICKET_NUMBER,Total)
VALUES('Compra',5,10000);

INSERT INTO INVOICE( DESCRIPTION, TICKET_NUMBER,Total)
VALUES('Compra',2,3000);

INSERT INTO INVOICE( DESCRIPTION, TICKET_NUMBER,Total)
VALUES('Compra',3,5200);

INSERT INTO INVOICE( DESCRIPTION, TICKET_NUMBER,Total)
VALUES('Compra',4,7500);

INSERT INTO INVOICE( DESCRIPTION, TICKET_NUMBER,Total)
VALUES('Compra',5,10000);

INSERT INTO INVOICE( DESCRIPTION, TICKET_NUMBER,Total)
VALUES('Compra',2,3000);


INSERT INTO PROJECTION_INVOICE(projection_id, invoice_id)
VALUES(1,1);

INSERT INTO PROJECTION_INVOICE(projection_id, invoice_id)
VALUES(1,2);

INSERT INTO PROJECTION_INVOICE(projection_id, invoice_id)
VALUES(1,3);

INSERT INTO PROJECTION_INVOICE(projection_id, invoice_id)
VALUES(1,17);

INSERT INTO PROJECTION_INVOICE(projection_id, invoice_id)
VALUES(1,18);

INSERT INTO PROJECTION_INVOICE(projection_id, invoice_id)
VALUES(1,19);

INSERT INTO PROJECTION_INVOICE(projection_id, invoice_id)
VALUES(1,20);

INSERT INTO PROJECTION_INVOICE(projection_id, invoice_id)
VALUES(2,4);

INSERT INTO PROJECTION_INVOICE(projection_id, invoice_id)
VALUES(3,5);

INSERT INTO PROJECTION_INVOICE(projection_id, invoice_id)
VALUES(3,6);

INSERT INTO PROJECTION_INVOICE(projection_id, invoice_id)
VALUES(4,7);

INSERT INTO PROJECTION_INVOICE(projection_id, invoice_id)
VALUES(4,8);

INSERT INTO PROJECTION_INVOICE(projection_id, invoice_id)
VALUES(5,9);

INSERT INTO PROJECTION_INVOICE(projection_id, invoice_id)
VALUES(6,10);

INSERT INTO PROJECTION_INVOICE(projection_id, invoice_id)
VALUES(7,11);

INSERT INTO PROJECTION_INVOICE(projection_id, invoice_id)
VALUES(8,12);

INSERT INTO PROJECTION_INVOICE(projection_id, invoice_id)
VALUES(9,13);

INSERT INTO PROJECTION_INVOICE(projection_id, invoice_id)
VALUES(10,14);

INSERT INTO PROJECTION_INVOICE(projection_id, invoice_id)
VALUES(11,15);

INSERT INTO PROJECTION_INVOICE(projection_id, invoice_id)
VALUES(12,16);

INSERT INTO CLIENT_INVOICE(CLIENT_ID, INVOICE_ID, CLIENT_USERNAME)
VALUES(402470071,1,'Luisito354');
INSERT INTO CLIENT_INVOICE(CLIENT_ID, INVOICE_ID, CLIENT_USERNAME)
VALUES(402470071,2,'Luisito354');
INSERT INTO CLIENT_INVOICE(CLIENT_ID, INVOICE_ID, CLIENT_USERNAME)
VALUES(402470071,3,'Luisito354');
INSERT INTO CLIENT_INVOICE(CLIENT_ID, INVOICE_ID, CLIENT_USERNAME)
VALUES(402470071,4,'Luisito354');


INSERT INTO CLIENT_INVOICE(CLIENT_ID, INVOICE_ID, CLIENT_USERNAME)
VALUES(111111111,5,'Manuelito12');
INSERT INTO CLIENT_INVOICE(CLIENT_ID, INVOICE_ID, CLIENT_USERNAME)
VALUES(111111111,6,'Manuelito12');
INSERT INTO CLIENT_INVOICE(CLIENT_ID, INVOICE_ID, CLIENT_USERNAME)
VALUES(111111111,7,'Manuelito12');
INSERT INTO CLIENT_INVOICE(CLIENT_ID, INVOICE_ID, CLIENT_USERNAME)
VALUES(111111111,8,'Manuelito12');


INSERT INTO CLIENT_INVOICE(CLIENT_ID, INVOICE_ID, CLIENT_USERNAME)
VALUES(502357326,9,'Maria_Ocampo');
INSERT INTO CLIENT_INVOICE(CLIENT_ID, INVOICE_ID, CLIENT_USERNAME)
VALUES(502357326,10,'Maria_Ocampo');
INSERT INTO CLIENT_INVOICE(CLIENT_ID, INVOICE_ID, CLIENT_USERNAME)
VALUES(502357326,11,'Maria_Ocampo');
INSERT INTO CLIENT_INVOICE(CLIENT_ID, INVOICE_ID, CLIENT_USERNAME)
VALUES(502357326,12,'Maria_Ocampo');

INSERT INTO CLIENT_INVOICE(CLIENT_ID, INVOICE_ID, CLIENT_USERNAME)
VALUES(234061573,13,'Yuliana_32');
INSERT INTO CLIENT_INVOICE(CLIENT_ID, INVOICE_ID, CLIENT_USERNAME)
VALUES(234061573,14,'Yuliana_32');
INSERT INTO CLIENT_INVOICE(CLIENT_ID, INVOICE_ID, CLIENT_USERNAME)
VALUES(234061573,15,'Yuliana_32');
INSERT INTO CLIENT_INVOICE(CLIENT_ID, INVOICE_ID, CLIENT_USERNAME)
VALUES(234061573,16,'Yuliana_32');

INSERT INTO CLIENT_INVOICE(CLIENT_ID, INVOICE_ID, CLIENT_USERNAME)
VALUES(118050449,17,'Domtaxx');
INSERT INTO CLIENT_INVOICE(CLIENT_ID, INVOICE_ID, CLIENT_USERNAME)
VALUES(118050449,18,'Domtaxx');
INSERT INTO CLIENT_INVOICE(CLIENT_ID, INVOICE_ID, CLIENT_USERNAME)
VALUES(118050449,19,'Domtaxx');
INSERT INTO CLIENT_INVOICE(CLIENT_ID, INVOICE_ID, CLIENT_USERNAME)
VALUES(118050449,20,'Domtaxx');